{
    "Name": "SyncPlugin",
    "EntryPoint": "main.cs",
    "Description": "Part and ailment synchronization for HunterPie",
    "Author": "Kaedras",
    "Version": "1.0.4",
    "Dependencies": [
        "lib\\System.Web.dll"
    ],
    "Update": {
        "UpdateUrl": "https://raw.githubusercontent.com/Kaedras/HunterPie-SyncPlugin/master/",
        "MinimumVersion": "1.0.3.97",
        "FileHashes": {
            "lib\\System.Web.dll": "02976e2dd29a5241483e0d9bf82dc823334dce41d97eeecef35ae8680547d122",
            "SyncPlugin.dll": "d29724ac4833a20cb8c9f72b16401cb89515873c7b2e138c4df5a04a760f26dd"
        }
    }
}